categoria_dettaglio;anno;anno_mese;N;H;Hn;H_base;Hn_base;Hn_year;delta_Hn_month_vs_base;delta_Hn_month_vs_year;delta_Hn_year
Auto Aziendali;2015;2015-01;1;1.5;0.9463946303571862;0.3794312366130831;0.2393944566136059;0.4415516705081735;0.7070001737435803;0.5048429598490127;0.20215721389456762
Auto Aziendali;2015;2015-02;1;1.5;0.9463946303571862;0.3794312366130831;0.2393944566136059;0.4415516705081735;0.7070001737435803;0.5048429598490127;0.20215721389456762
Auto Aziendali;2015;2015-03;1;1.5;0.9463946303571862;0.3794312366130831;0.2393944566136059;0.4415516705081735;0.7070001737435803;0.5048429598490127;0.20215721389456762
Auto Aziendali;2015;2015-04;1;1.5;0.9463946303571862;0.3794312366130831;0.2393944566136059;0.4415516705081735;0.7070001737435803;0.5048429598490127;0.20215721389456762
Auto Aziendali;2015;2015-05;1;1.5;0.9463946303571862;0.3794312366130831;0.2393944566136059;0.4415516705081735;0.7070001737435803;0.5048429598490127;0.20215721389456762
Auto Aziendali;2015;2015-06;1;1.5;0.9463946303571862;0.3794312366130831;0.2393944566136059;0.4415516705081735;0.7070001737435803;0.5048429598490127;0.20215721389456762
Auto Aziendali;2015;2015-07;1;1.5;0.9463946303571862;0.3794312366130831;0.2393944566136059;0.4415516705081735;0.7070001737435803;0.5048429598490127;0.20215721389456762
Auto Aziendali;2015;2015-08;1;1.5;0.9463946303571862;0.3794312366130831;0.2393944566136059;0.4415516705081735;0.7070001737435803;0.5048429598490127;0.20215721389456762
Auto Aziendali;2015;2015-09;1;1.5;0.9463946303571862;0.3794312366130831;0.2393944566136059;0.4415516705081735;0.7070001737435803;0.5048429598490127;0.20215721389456762
Auto Aziendali;2015;2015-10;1;1.5;0.9463946303571862;0.3794312366130831;0.2393944566136059;0.4415516705081735;0.7070001737435803;0.5048429598490127;0.20215721389456762
Auto Aziendali;2015;2015-11;1;1.5;0.9463946303571862;0.3794312366130831;0.2393944566136059;0.4415516705081735;0.7070001737435803;0.5048429598490127;0.20215721389456762
Auto Aziendali;2015;2015-12;1;1.5;0.9463946303571862;0.3794312366130831;0.2393944566136059;0.4415516705081735;0.7070001737435803;0.5048429598490127;0.20215721389456762
Auto Aziendali;2016;2016-01;2;1.3709505944546687;0.8649735207179273;0.3794312366130831;0.2393944566136059;0.42181719939456;0.6255790641043214;0.4431563213233673;0.18242274278095413
Auto Aziendali;2016;2016-03;2;1.3709505944546687;0.8649735207179273;0.3794312366130831;0.2393944566136059;0.42181719939456;0.6255790641043214;0.4431563213233673;0.18242274278095413
Auto Aziendali;2016;2016-04;1;1.5;0.9463946303571862;0.3794312366130831;0.2393944566136059;0.42181719939456;0.7070001737435803;0.5245774309626261;0.18242274278095413
Auto Aziendali;2016;2016-05;1;1.5;0.9463946303571862;0.3794312366130831;0.2393944566136059;0.42181719939456;0.7070001737435803;0.5245774309626261;0.18242274278095413
Auto Aziendali;2016;2016-06;1;1.5;0.9463946303571862;0.3794312366130831;0.2393944566136059;0.42181719939456;0.7070001737435803;0.5245774309626261;0.18242274278095413
Auto Aziendali;2016;2016-07;1;1.5;0.9463946303571862;0.3794312366130831;0.2393944566136059;0.42181719939456;0.7070001737435803;0.5245774309626261;0.18242274278095413
Auto Aziendali;2016;2016-08;1;1.5;0.9463946303571862;0.3794312366130831;0.2393944566136059;0.42181719939456;0.7070001737435803;0.5245774309626261;0.18242274278095413
Auto Aziendali;2016;2016-09;1;1.5;0.9463946303571862;0.3794312366130831;0.2393944566136059;0.42181719939456;0.7070001737435803;0.5245774309626261;0.18242274278095413
Auto Aziendali;2016;2016-10;1;1.5;0.9463946303571862;0.3794312366130831;0.2393944566136059;0.42181719939456;0.7070001737435803;0.5245774309626261;0.18242274278095413
Auto Aziendali;2016;2016-11;1;1.5;0.9463946303571862;0.3794312366130831;0.2393944566136059;0.42181719939456;0.7070001737435803;0.5245774309626261;0.18242274278095413
Auto Aziendali;2016;2016-12;1;1.5;0.9463946303571862;0.3794312366130831;0.2393944566136059;0.42181719939456;0.7070001737435803;0.5245774309626261;0.18242274278095413
Auto Aziendali;2017;2017-01;1;1.5;0.9463946303571862;0.3794312366130831;0.2393944566136059;0.4415516705081735;0.7070001737435803;0.5048429598490127;0.20215721389456762
Auto Aziendali;2017;2017-02;1;1.5;0.9463946303571862;0.3794312366130831;0.2393944566136059;0.4415516705081735;0.7070001737435803;0.5048429598490127;0.20215721389456762
Auto Aziendali;2017;2017-03;1;1.5;0.9463946303571862;0.3794312366130831;0.2393944566136059;0.4415516705081735;0.7070001737435803;0.5048429598490127;0.20215721389456762
Auto Aziendali;2017;2017-04;1;1.5;0.9463946303571862;0.3794312366130831;0.2393944566136059;0.4415516705081735;0.7070001737435803;0.5048429598490127;0.20215721389456762
Auto Aziendali;2017;2017-05;1;1.5;0.9463946303571862;0.3794312366130831;0.2393944566136059;0.4415516705081735;0.7070001737435803;0.5048429598490127;0.20215721389456762
Auto Aziendali;2017;2017-06;1;1.5;0.9463946303571862;0.3794312366130831;0.2393944566136059;0.4415516705081735;0.7070001737435803;0.5048429598490127;0.20215721389456762
Auto Aziendali;2017;2017-07;1;1.5;0.9463946303571862;0.3794312366130831;0.2393944566136059;0.4415516705081735;0.7070001737435803;0.5048429598490127;0.20215721389456762
Auto Aziendali;2017;2017-08;1;1.5;0.9463946303571862;0.3794312366130831;0.2393944566136059;0.4415516705081735;0.7070001737435803;0.5048429598490127;0.20215721389456762
Auto Aziendali;2017;2017-09;1;1.5;0.9463946303571862;0.3794312366130831;0.2393944566136059;0.4415516705081735;0.7070001737435803;0.5048429598490127;0.20215721389456762
Auto Aziendali;2017;2017-10;1;1.5;0.9463946303571862;0.3794312366130831;0.2393944566136059;0.4415516705081735;0.7070001737435803;0.5048429598490127;0.20215721389456762
Auto Aziendali;2017;2017-11;1;1.5;0.9463946303571862;0.3794312366130831;0.2393944566136059;0.4415516705081735;0.7070001737435803;0.5048429598490127;0.20215721389456762
Auto Aziendali;2017;2017-12;1;1.5;0.9463946303571862;0.3794312366130831;0.2393944566136059;0.4415516705081735;0.7070001737435803;0.5048429598490127;0.20215721389456762
Auto Aziendali;2018;2018-01;1;1.5;0.9463946303571862;0.3794312366130831;0.2393944566136059;0.4415516705081735;0.7070001737435803;0.5048429598490127;0.20215721389456762
Auto Aziendali;2018;2018-02;1;1.5;0.9463946303571862;0.3794312366130831;0.2393944566136059;0.4415516705081735;0.7070001737435803;0.5048429598490127;0.20215721389456762
Auto Aziendali;2018;2018-03;1;1.5;0.9463946303571862;0.3794312366130831;0.2393944566136059;0.4415516705081735;0.7070001737435803;0.5048429598490127;0.20215721389456762
Auto Aziendali;2018;2018-04;1;1.5;0.9463946303571862;0.3794312366130831;0.2393944566136059;0.4415516705081735;0.7070001737435803;0.5048429598490127;0.20215721389456762
Auto Aziendali;2018;2018-05;1;1.5;0.9463946303571862;0.3794312366130831;0.2393944566136059;0.4415516705081735;0.7070001737435803;0.5048429598490127;0.20215721389456762
Auto Aziendali;2018;2018-06;1;1.5;0.9463946303571862;0.3794312366130831;0.2393944566136059;0.4415516705081735;0.7070001737435803;0.5048429598490127;0.20215721389456762
Auto Aziendali;2018;2018-07;1;1.5;0.9463946303571862;0.3794312366130831;0.2393944566136059;0.4415516705081735;0.7070001737435803;0.5048429598490127;0.20215721389456762
Auto Aziendali;2018;2018-08;1;1.5;0.9463946303571862;0.3794312366130831;0.2393944566136059;0.4415516705081735;0.7070001737435803;0.5048429598490127;0.20215721389456762
Auto Aziendali;2018;2018-09;1;1.5;0.9463946303571862;0.3794312366130831;0.2393944566136059;0.4415516705081735;0.7070001737435803;0.5048429598490127;0.20215721389456762
Auto Aziendali;2018;2018-10;1;1.5;0.9463946303571862;0.3794312366130831;0.2393944566136059;0.4415516705081735;0.7070001737435803;0.5048429598490127;0.20215721389456762
Auto Aziendali;2018;2018-11;1;1.5;0.9463946303571862;0.3794312366130831;0.2393944566136059;0.4415516705081735;0.7070001737435803;0.5048429598490127;0.20215721389456762
Auto Aziendali;2018;2018-12;1;1.5;0.9463946303571862;0.3794312366130831;0.2393944566136059;0.4415516705081735;0.7070001737435803;0.5048429598490127;0.20215721389456762
Auto Aziendali;2019;2019-01;1;1.5;0.9463946303571862;0.3794312366130831;0.2393944566136059;0.4415516705081735;0.7070001737435803;0.5048429598490127;0.20215721389456762
Auto Aziendali;2019;2019-02;1;1.5;0.9463946303571862;0.3794312366130831;0.2393944566136059;0.4415516705081735;0.7070001737435803;0.5048429598490127;0.20215721389456762
Auto Aziendali;2019;2019-03;1;1.5;0.9463946303571862;0.3794312366130831;0.2393944566136059;0.4415516705081735;0.7070001737435803;0.5048429598490127;0.20215721389456762
Auto Aziendali;2019;2019-04;1;1.5;0.9463946303571862;0.3794312366130831;0.2393944566136059;0.4415516705081735;0.7070001737435803;0.5048429598490127;0.20215721389456762
Auto Aziendali;2019;2019-05;1;1.5;0.9463946303571862;0.3794312366130831;0.2393944566136059;0.4415516705081735;0.7070001737435803;0.5048429598490127;0.20215721389456762
Auto Aziendali;2019;2019-06;1;1.5;0.9463946303571862;0.3794312366130831;0.2393944566136059;0.4415516705081735;0.7070001737435803;0.5048429598490127;0.20215721389456762
Auto Aziendali;2019;2019-07;1;1.5;0.9463946303571862;0.3794312366130831;0.2393944566136059;0.4415516705081735;0.7070001737435803;0.5048429598490127;0.20215721389456762
Auto Aziendali;2019;2019-08;1;1.5;0.9463946303571862;0.3794312366130831;0.2393944566136059;0.4415516705081735;0.7070001737435803;0.5048429598490127;0.20215721389456762
Auto Aziendali;2019;2019-09;1;1.5;0.9463946303571862;0.3794312366130831;0.2393944566136059;0.4415516705081735;0.7070001737435803;0.5048429598490127;0.20215721389456762
Auto Aziendali;2019;2019-10;1;1.5;0.9463946303571862;0.3794312366130831;0.2393944566136059;0.4415516705081735;0.7070001737435803;0.5048429598490127;0.20215721389456762
Auto Aziendali;2019;2019-11;1;1.5;0.9463946303571862;0.3794312366130831;0.2393944566136059;0.4415516705081735;0.7070001737435803;0.5048429598490127;0.20215721389456762
Auto Aziendali;2019;2019-12;1;1.5;0.9463946303571862;0.3794312366130831;0.2393944566136059;0.4415516705081735;0.7070001737435803;0.5048429598490127;0.20215721389456762
Auto Aziendali;2020;2020-01;1;1.5;0.9463946303571862;0.3794312366130831;0.2393944566136059;0.4415516705081735;0.7070001737435803;0.5048429598490127;0.20215721389456762
Auto Aziendali;2020;2020-02;1;1.5;0.9463946303571862;0.3794312366130831;0.2393944566136059;0.4415516705081735;0.7070001737435803;0.5048429598490127;0.20215721389456762
Auto Aziendali;2020;2020-03;1;1.5;0.9463946303571862;0.3794312366130831;0.2393944566136059;0.4415516705081735;0.7070001737435803;0.5048429598490127;0.20215721389456762
Auto Aziendali;2020;2020-04;1;1.5;0.9463946303571862;0.3794312366130831;0.2393944566136059;0.4415516705081735;0.7070001737435803;0.5048429598490127;0.20215721389456762
Auto Aziendali;2020;2020-05;1;1.5;0.9463946303571862;0.3794312366130831;0.2393944566136059;0.4415516705081735;0.7070001737435803;0.5048429598490127;0.20215721389456762
Auto Aziendali;2020;2020-06;1;1.5;0.9463946303571862;0.3794312366130831;0.2393944566136059;0.4415516705081735;0.7070001737435803;0.5048429598490127;0.20215721389456762
Auto Aziendali;2020;2020-07;1;1.5;0.9463946303571862;0.3794312366130831;0.2393944566136059;0.4415516705081735;0.7070001737435803;0.5048429598490127;0.20215721389456762
Auto Aziendali;2020;2020-08;1;1.5;0.9463946303571862;0.3794312366130831;0.2393944566136059;0.4415516705081735;0.7070001737435803;0.5048429598490127;0.20215721389456762
Auto Aziendali;2020;2020-09;1;1.5;0.9463946303571862;0.3794312366130831;0.2393944566136059;0.4415516705081735;0.7070001737435803;0.5048429598490127;0.20215721389456762
Auto Aziendali;2020;2020-10;1;1.5;0.9463946303571862;0.3794312366130831;0.2393944566136059;0.4415516705081735;0.7070001737435803;0.5048429598490127;0.20215721389456762
Auto Aziendali;2020;2020-11;1;1.5;0.9463946303571862;0.3794312366130831;0.2393944566136059;0.4415516705081735;0.7070001737435803;0.5048429598490127;0.20215721389456762
Auto Aziendali;2020;2020-12;1;1.5;0.9463946303571862;0.3794312366130831;0.2393944566136059;0.4415516705081735;0.7070001737435803;0.5048429598490127;0.20215721389456762
Auto Aziendali;2021;2021-01;1;1.5;0.9463946303571862;0.3794312366130831;0.2393944566136059;0.42181719939456;0.7070001737435803;0.5245774309626261;0.18242274278095413
Auto Aziendali;2021;2021-02;1;1.5;0.9463946303571862;0.3794312366130831;0.2393944566136059;0.42181719939456;0.7070001737435803;0.5245774309626261;0.18242274278095413
Auto Aziendali;2021;2021-03;1;1.5;0.9463946303571862;0.3794312366130831;0.2393944566136059;0.42181719939456;0.7070001737435803;0.5245774309626261;0.18242274278095413
Auto Aziendali;2021;2021-04;1;1.5;0.9463946303571862;0.3794312366130831;0.2393944566136059;0.42181719939456;0.7070001737435803;0.5245774309626261;0.18242274278095413
Auto Aziendali;2021;2021-05;1;1.5;0.9463946303571862;0.3794312366130831;0.2393944566136059;0.42181719939456;0.7070001737435803;0.5245774309626261;0.18242274278095413
Auto Aziendali;2021;2021-06;1;1.5;0.9463946303571862;0.3794312366130831;0.2393944566136059;0.42181719939456;0.7070001737435803;0.5245774309626261;0.18242274278095413
Auto Aziendali;2021;2021-07;1;1.5;0.9463946303571862;0.3794312366130831;0.2393944566136059;0.42181719939456;0.7070001737435803;0.5245774309626261;0.18242274278095413
Auto Aziendali;2021;2021-08;1;1.5;0.9463946303571862;0.3794312366130831;0.2393944566136059;0.42181719939456;0.7070001737435803;0.5245774309626261;0.18242274278095413
Auto Aziendali;2021;2021-09;1;1.5;0.9463946303571862;0.3794312366130831;0.2393944566136059;0.42181719939456;0.7070001737435803;0.5245774309626261;0.18242274278095413
Auto Aziendali;2021;2021-10;2;1.3709505944546687;0.8649735207179273;0.3794312366130831;0.2393944566136059;0.42181719939456;0.6255790641043214;0.4431563213233673;0.18242274278095413
Auto Aziendali;2021;2021-11;1;1.5;0.9463946303571862;0.3794312366130831;0.2393944566136059;0.42181719939456;0.7070001737435803;0.5245774309626261;0.18242274278095413
Auto Aziendali;2021;2021-12;1;1.5;0.9463946303571862;0.3794312366130831;0.2393944566136059;0.42181719939456;0.7070001737435803;0.5245774309626261;0.18242274278095413
Auto Aziendali;2022;2022-01;1;1.5;0.9463946303571862;0.3794312366130831;0.2393944566136059;0.4415516705081735;0.7070001737435803;0.5048429598490127;0.20215721389456762
Auto Aziendali;2022;2022-02;1;1.5;0.9463946303571862;0.3794312366130831;0.2393944566136059;0.4415516705081735;0.7070001737435803;0.5048429598490127;0.20215721389456762
Auto Aziendali;2022;2022-03;1;1.5;0.9463946303571862;0.3794312366130831;0.2393944566136059;0.4415516705081735;0.7070001737435803;0.5048429598490127;0.20215721389456762
Auto Aziendali;2022;2022-04;1;1.5;0.9463946303571862;0.3794312366130831;0.2393944566136059;0.4415516705081735;0.7070001737435803;0.5048429598490127;0.20215721389456762
Auto Aziendali;2022;2022-05;1;1.5;0.9463946303571862;0.3794312366130831;0.2393944566136059;0.4415516705081735;0.7070001737435803;0.5048429598490127;0.20215721389456762
Auto Aziendali;2022;2022-06;1;1.5;0.9463946303571862;0.3794312366130831;0.2393944566136059;0.4415516705081735;0.7070001737435803;0.5048429598490127;0.20215721389456762
Auto Aziendali;2022;2022-07;1;1.5;0.9463946303571862;0.3794312366130831;0.2393944566136059;0.4415516705081735;0.7070001737435803;0.5048429598490127;0.20215721389456762
Auto Aziendali;2022;2022-08;1;1.5;0.9463946303571862;0.3794312366130831;0.2393944566136059;0.4415516705081735;0.7070001737435803;0.5048429598490127;0.20215721389456762
Auto Aziendali;2022;2022-09;1;1.5;0.9463946303571862;0.3794312366130831;0.2393944566136059;0.4415516705081735;0.7070001737435803;0.5048429598490127;0.20215721389456762
Auto Aziendali;2022;2022-10;1;1.5;0.9463946303571862;0.3794312366130831;0.2393944566136059;0.4415516705081735;0.7070001737435803;0.5048429598490127;0.20215721389456762
Auto Aziendali;2022;2022-11;1;1.5;0.9463946303571862;0.3794312366130831;0.2393944566136059;0.4415516705081735;0.7070001737435803;0.5048429598490127;0.20215721389456762
Auto Aziendali;2022;2022-12;1;1.5;0.9463946303571862;0.3794312366130831;0.2393944566136059;0.4415516705081735;0.7070001737435803;0.5048429598490127;0.20215721389456762
Auto Aziendali;2023;2023-01;1;1.5;0.9463946303571862;0.3794312366130831;0.2393944566136059;0.4415516705081735;0.7070001737435803;0.5048429598490127;0.20215721389456762
Auto Aziendali;2023;2023-02;1;1.5;0.9463946303571862;0.3794312366130831;0.2393944566136059;0.4415516705081735;0.7070001737435803;0.5048429598490127;0.20215721389456762
Auto Aziendali;2023;2023-03;1;1.5;0.9463946303571862;0.3794312366130831;0.2393944566136059;0.4415516705081735;0.7070001737435803;0.5048429598490127;0.20215721389456762
Auto Aziendali;2023;2023-04;1;1.5;0.9463946303571862;0.3794312366130831;0.2393944566136059;0.4415516705081735;0.7070001737435803;0.5048429598490127;0.20215721389456762
Auto Aziendali;2023;2023-05;1;1.5;0.9463946303571862;0.3794312366130831;0.2393944566136059;0.4415516705081735;0.7070001737435803;0.5048429598490127;0.20215721389456762
Auto Aziendali;2023;2023-06;1;1.5;0.9463946303571862;0.3794312366130831;0.2393944566136059;0.4415516705081735;0.7070001737435803;0.5048429598490127;0.20215721389456762
Auto Aziendali;2023;2023-07;1;1.5;0.9463946303571862;0.3794312366130831;0.2393944566136059;0.4415516705081735;0.7070001737435803;0.5048429598490127;0.20215721389456762
Auto Aziendali;2023;2023-08;1;1.5;0.9463946303571862;0.3794312366130831;0.2393944566136059;0.4415516705081735;0.7070001737435803;0.5048429598490127;0.20215721389456762
Auto Aziendali;2023;2023-09;1;1.5;0.9463946303571862;0.3794312366130831;0.2393944566136059;0.4415516705081735;0.7070001737435803;0.5048429598490127;0.20215721389456762
Auto Aziendali;2023;2023-10;1;1.5;0.9463946303571862;0.3794312366130831;0.2393944566136059;0.4415516705081735;0.7070001737435803;0.5048429598490127;0.20215721389456762
Auto Aziendali;2023;2023-11;1;1.5;0.9463946303571862;0.3794312366130831;0.2393944566136059;0.4415516705081735;0.7070001737435803;0.5048429598490127;0.20215721389456762
Auto Aziendali;2023;2023-12;1;1.5;0.9463946303571862;0.3794312366130831;0.2393944566136059;0.4415516705081735;0.7070001737435803;0.5048429598490127;0.20215721389456762
Auto Aziendali;2024;2024-01;2;1.5219280948873621;0.9602297178607612;0.3794312366130831;0.2393944566136059;0.8068947387749439;0.7208352612471552;0.15333497908581728;0.567500282161338
Auto Aziendali;2024;2024-02;1;1.5;0.9463946303571862;0.3794312366130831;0.2393944566136059;0.8068947387749439;0.7070001737435803;0.1394998915822423;0.567500282161338
Auto Aziendali;2024;2024-03;1;1.5;0.9463946303571862;0.3794312366130831;0.2393944566136059;0.8068947387749439;0.7070001737435803;0.1394998915822423;0.567500282161338
Auto Aziendali;2024;2024-04;1;1.5;0.9463946303571862;0.3794312366130831;0.2393944566136059;0.8068947387749439;0.7070001737435803;0.1394998915822423;0.567500282161338
Auto Aziendali;2024;2024-05;1;1.5;0.9463946303571862;0.3794312366130831;0.2393944566136059;0.8068947387749439;0.7070001737435803;0.1394998915822423;0.567500282161338
Auto Aziendali;2024;2024-06;3;1.584962500721156;1.0;0.3794312366130831;0.2393944566136059;0.8068947387749439;0.7606055433863941;0.1931052612250561;0.567500282161338
Auto Aziendali;2024;2024-07;2;1.5219280948873621;0.9602297178607612;0.3794312366130831;0.2393944566136059;0.8068947387749439;0.7208352612471552;0.15333497908581728;0.567500282161338
Auto Aziendali;2024;2024-08;1;1.5;0.9463946303571862;0.3794312366130831;0.2393944566136059;0.8068947387749439;0.7070001737435803;0.1394998915822423;0.567500282161338
Auto Aziendali;2024;2024-09;2;1.5219280948873621;0.9602297178607612;0.3794312366130831;0.2393944566136059;0.8068947387749439;0.7208352612471552;0.15333497908581728;0.567500282161338
Auto Aziendali;2024;2024-10;1;1.5;0.9463946303571862;0.3794312366130831;0.2393944566136059;0.8068947387749439;0.7070001737435803;0.1394998915822423;0.567500282161338
Auto Aziendali;2024;2024-11;1;1.5;0.9463946303571862;0.3794312366130831;0.2393944566136059;0.8068947387749439;0.7070001737435803;0.1394998915822423;0.567500282161338
Auto Aziendali;2024;2024-12;1;1.5;0.9463946303571862;0.3794312366130831;0.2393944566136059;0.8068947387749439;0.7070001737435803;0.1394998915822423;0.567500282161338
Auto Aziendali;2025;2025-01;1;1.5;0.9463946303571862;0.3794312366130831;0.2393944566136059;0.7298466991620975;0.7070001737435803;0.21654793119508864;0.4904522425484916
Auto Aziendali;2025;2025-02;2;1.5219280948873621;0.9602297178607612;0.3794312366130831;0.2393944566136059;0.7298466991620975;0.7208352612471552;0.23038301869866362;0.4904522425484916
Auto Aziendali;2025;2025-03;1;1.5;0.9463946303571862;0.3794312366130831;0.2393944566136059;0.7298466991620975;0.7070001737435803;0.21654793119508864;0.4904522425484916
Auto Aziendali;2025;2025-04;1;1.5;0.9463946303571862;0.3794312366130831;0.2393944566136059;0.7298466991620975;0.7070001737435803;0.21654793119508864;0.4904522425484916
Auto Aziendali;2025;2025-05;1;1.5;0.9463946303571862;0.3794312366130831;0.2393944566136059;0.7298466991620975;0.7070001737435803;0.21654793119508864;0.4904522425484916
Auto Aziendali;2025;2025-06;1;1.5;0.9463946303571862;0.3794312366130831;0.2393944566136059;0.7298466991620975;0.7070001737435803;0.21654793119508864;0.4904522425484916
Bonus Lavoratore;2017;2017-12;2;1.0;1.0;0.8112781244591328;0.8112781244591328;1.0;0.18872187554086717;0.0;0.18872187554086717
Bonus Lavoratore;2018;2018-02;1;0.9182958340544896;0.9182958340544896;0.8112781244591328;0.8112781244591328;0.9182958340544896;0.10701770959535672;0.0;0.10701770959535672
Bonus Lavoratore;2020;2020-06;1;0.9182958340544896;0.9182958340544896;0.8112781244591328;0.8112781244591328;0.9182958340544896;0.10701770959535672;0.0;0.10701770959535672
Conferimento quota capitale;2015;2015-02;2;1.0;1.0;0.9078619154263696;0.9078619154263696;0.9182958340544896;0.09213808457363037;0.08170416594551044;0.010433918628119931
Conferimento quota capitale;2015;2015-03;1;0.9182958340544896;0.9182958340544896;0.9078619154263696;0.9078619154263696;0.9182958340544896;0.010433918628119931;0.0;0.010433918628119931
Conferimento quota capitale;2015;2015-06;3;0.9709505944546686;0.9709505944546686;0.9078619154263696;0.9078619154263696;0.9182958340544896;0.06308867902829896;0.052654760400179024;0.010433918628119931
Conferimento quota capitale;2015;2015-12;1;0.9182958340544896;0.9182958340544896;0.9078619154263696;0.9078619154263696;0.9182958340544896;0.010433918628119931;0.0;0.010433918628119931
Conferimento quota capitale;2016;2016-02;2;1.0;1.0;0.9078619154263696;0.9078619154263696;0.8453509366224364;0.09213808457363037;0.15464906337756357;-0.06251097880393319
Conferimento quota capitale;2016;2016-03;1;0.9182958340544896;0.9182958340544896;0.9078619154263696;0.9078619154263696;0.8453509366224364;0.010433918628119931;0.07294489743205312;-0.06251097880393319
Conferimento quota capitale;2016;2016-04;1;0.9182958340544896;0.9182958340544896;0.9078619154263696;0.9078619154263696;0.8453509366224364;0.010433918628119931;0.07294489743205312;-0.06251097880393319
Conferimento quota capitale;2016;2016-06;2;1.0;1.0;0.9078619154263696;0.9078619154263696;0.8453509366224364;0.09213808457363037;0.15464906337756357;-0.06251097880393319
Conferimento quota capitale;2016;2016-08;2;0.8112781244591328;0.8112781244591328;0.9078619154263696;0.9078619154263696;0.8453509366224364;-0.0965837909672368;-0.0340728121633036;-0.06251097880393319
Conferimento quota capitale;2016;2016-10;1;0.9182958340544896;0.9182958340544896;0.9078619154263696;0.9078619154263696;0.8453509366224364;0.010433918628119931;0.07294489743205312;-0.06251097880393319
Conferimento quota capitale;2017;2017-01;2;1.0;1.0;0.9078619154263696;0.9078619154263696;0.9402859586706311;0.09213808457363037;0.05971404132936886;0.03242404324426151
Conferimento quota capitale;2017;2017-02;3;0.9709505944546686;0.9709505944546686;0.9078619154263696;0.9078619154263696;0.9402859586706311;0.06308867902829896;0.03066463578403744;0.03242404324426151
Conferimento quota capitale;2017;2017-03;1;0.9182958340544896;0.9182958340544896;0.9078619154263696;0.9078619154263696;0.9402859586706311;0.010433918628119931;-0.021990124616141582;0.03242404324426151
Conferimento quota capitale;2017;2017-04;2;0.8112781244591328;0.8112781244591328;0.9078619154263696;0.9078619154263696;0.9402859586706311;-0.0965837909672368;-0.1290078342114983;0.03242404324426151
Conferimento quota capitale;2017;2017-05;1;0.9182958340544896;0.9182958340544896;0.9078619154263696;0.9078619154263696;0.9402859586706311;0.010433918628119931;-0.021990124616141582;0.03242404324426151
Conferimento quota capitale;2017;2017-06;3;0.9709505944546686;0.9709505944546686;0.9078619154263696;0.9078619154263696;0.9402859586706311;0.06308867902829896;0.03066463578403744;0.03242404324426151
Conferimento quota capitale;2018;2018-02;3;0.9709505944546686;0.9709505944546686;0.9078619154263696;0.9078619154263696;0.9456603046006401;0.06308867902829896;0.02529028985402848;0.037798389174270475
Conferimento quota capitale;2018;2018-03;2;1.0;1.0;0.9078619154263696;0.9078619154263696;0.9456603046006401;0.09213808457363037;0.0543396953993599;0.037798389174270475
Conferimento quota capitale;2018;2018-06;3;0.9709505944546686;0.9709505944546686;0.9078619154263696;0.9078619154263696;0.9456603046006401;0.06308867902829896;0.02529028985402848;0.037798389174270475
Conferimento quota capitale;2018;2018-08;1;0.9182958340544896;0.9182958340544896;0.9078619154263696;0.9078619154263696;0.9456603046006401;0.010433918628119931;-0.027364470546150543;0.037798389174270475
Conferimento quota capitale;2019;2019-02;3;0.9709505944546686;0.9709505944546686;0.9078619154263696;0.9078619154263696;0.9456603046006401;0.06308867902829896;0.02529028985402848;0.037798389174270475
Conferimento quota capitale;2019;2019-04;1;0.9182958340544896;0.9182958340544896;0.9078619154263696;0.9078619154263696;0.9456603046006401;0.010433918628119931;-0.027364470546150543;0.037798389174270475
Conferimento quota capitale;2019;2019-05;1;0.9182958340544896;0.9182958340544896;0.9078619154263696;0.9078619154263696;0.9456603046006401;0.010433918628119931;-0.027364470546150543;0.037798389174270475
Conferimento quota capitale;2019;2019-06;2;1.0;1.0;0.9078619154263696;0.9078619154263696;0.9456603046006401;0.09213808457363037;0.0543396953993599;0.037798389174270475
Conferimento quota capitale;2019;2019-07;1;0.9182958340544896;0.9182958340544896;0.9078619154263696;0.9078619154263696;0.9456603046006401;0.010433918628119931;-0.027364470546150543;0.037798389174270475
Conferimento quota capitale;2019;2019-08;1;0.9182958340544896;0.9182958340544896;0.9078619154263696;0.9078619154263696;0.9456603046006401;0.010433918628119931;-0.027364470546150543;0.037798389174270475
Conferimento quota capitale;2020;2020-02;3;0.9709505944546686;0.9709505944546686;0.9078619154263696;0.9078619154263696;0.9182958340544896;0.06308867902829896;0.052654760400179024;0.010433918628119931
Conferimento quota capitale;2020;2020-04;1;0.9182958340544896;0.9182958340544896;0.9078619154263696;0.9078619154263696;0.9182958340544896;0.010433918628119931;0.0;0.010433918628119931
Conferimento quota capitale;2020;2020-06;3;0.9709505944546686;0.9709505944546686;0.9078619154263696;0.9078619154263696;0.9182958340544896;0.06308867902829896;0.052654760400179024;0.010433918628119931
Conferimento quota capitale;2021;2021-02;3;0.9709505944546686;0.9709505944546686;0.9078619154263696;0.9078619154263696;0.9182958340544896;0.06308867902829896;0.052654760400179024;0.010433918628119931
Conferimento quota capitale;2021;2021-06;3;0.9709505944546686;0.9709505944546686;0.9078619154263696;0.9078619154263696;0.9182958340544896;0.06308867902829896;0.052654760400179024;0.010433918628119931
Conferimento quota capitale;2021;2021-07;1;0.9182958340544896;0.9182958340544896;0.9078619154263696;0.9078619154263696;0.9182958340544896;0.010433918628119931;0.0;0.010433918628119931
Conferimento quota capitale;2022;2022-02;2;1.0;1.0;0.9078619154263696;0.9078619154263696;0.9798687566511528;0.09213808457363037;0.020131243348847194;0.07200684122478318
Conferimento quota capitale;2022;2022-05;2;1.0;1.0;0.9078619154263696;0.9078619154263696;0.9798687566511528;0.09213808457363037;0.020131243348847194;0.07200684122478318
Conferimento quota capitale;2022;2022-06;3;0.9709505944546686;0.9709505944546686;0.9078619154263696;0.9078619154263696;0.9798687566511528;0.06308867902829896;-0.008918162196484225;0.07200684122478318
Conferimento quota capitale;2022;2022-07;3;0.9709505944546686;0.9709505944546686;0.9078619154263696;0.9078619154263696;0.9798687566511528;0.06308867902829896;-0.008918162196484225;0.07200684122478318
Conferimento quota capitale;2023;2023-02;4;1.0;1.0;0.9078619154263696;0.9078619154263696;0.9798687566511528;0.09213808457363037;0.020131243348847194;0.07200684122478318
Conferimento quota capitale;2023;2023-04;1;0.9182958340544896;0.9182958340544896;0.9078619154263696;0.9078619154263696;0.9798687566511528;0.010433918628119931;-0.06157292259666325;0.07200684122478318
Conferimento quota capitale;2023;2023-06;3;0.9709505944546686;0.9709505944546686;0.9078619154263696;0.9078619154263696;0.9798687566511528;0.06308867902829896;-0.008918162196484225;0.07200684122478318
Conferimento quota capitale;2023;2023-07;2;1.0;1.0;0.9078619154263696;0.9078619154263696;0.9798687566511528;0.09213808457363037;0.020131243348847194;0.07200684122478318
Conferimento quota capitale;2024;2024-01;3;0.7219280948873623;0.7219280948873623;0.9078619154263696;0.9078619154263696;0.8453509366224364;-0.1859338205390073;-0.12342284173507412;-0.06251097880393319
Conferimento quota capitale;2024;2024-02;2;1.0;1.0;0.9078619154263696;0.9078619154263696;0.8453509366224364;0.09213808457363037;0.15464906337756357;-0.06251097880393319
Conferimento quota capitale;2024;2024-03;1;0.9182958340544896;0.9182958340544896;0.9078619154263696;0.9078619154263696;0.8453509366224364;0.010433918628119931;0.07294489743205312;-0.06251097880393319
Conferimento quota capitale;2024;2024-06;3;0.9709505944546686;0.9709505944546686;0.9078619154263696;0.9078619154263696;0.8453509366224364;0.06308867902829896;0.12559965783223215;-0.06251097880393319
Conferimento quota capitale;2025;2025-02;4;0.9182958340544896;0.9182958340544896;0.9078619154263696;0.9078619154263696;0.9709505944546686;0.010433918628119931;-0.052654760400179024;0.06308867902829896
Conferimento quota capitale;2025;2025-03;1;0.9182958340544896;0.9182958340544896;0.9078619154263696;0.9078619154263696;0.9709505944546686;0.010433918628119931;-0.052654760400179024;0.06308867902829896
Conferimento quota capitale;2025;2025-06;3;0.9709505944546686;0.9709505944546686;0.9078619154263696;0.9078619154263696;0.9709505944546686;0.06308867902829896;0.0;0.06308867902829896
Prestito bancario;2017;2017-05;1;0.9182958340544896;0.9182958340544896;0.17437145292163492;0.17437145292163492;0.7642045065086203;0.7439243811328546;0.1540913275458693;0.5898330535869853
Prestito bancario;2017;2017-07;1;0.9182958340544896;0.9182958340544896;0.17437145292163492;0.17437145292163492;0.7642045065086203;0.7439243811328546;0.1540913275458693;0.5898330535869853
Prestito bancario;2017;2017-08;1;0.9182958340544896;0.9182958340544896;0.17437145292163492;0.17437145292163492;0.7642045065086203;0.7439243811328546;0.1540913275458693;0.5898330535869853
Prestito bancario;2017;2017-09;1;0.9182958340544896;0.9182958340544896;0.17437145292163492;0.17437145292163492;0.7642045065086203;0.7439243811328546;0.1540913275458693;0.5898330535869853
Prestito bancario;2017;2017-10;1;0.9182958340544896;0.9182958340544896;0.17437145292163492;0.17437145292163492;0.7642045065086203;0.7439243811328546;0.1540913275458693;0.5898330535869853
Prestito bancario;2017;2017-11;1;0.9182958340544896;0.9182958340544896;0.17437145292163492;0.17437145292163492;0.7642045065086203;0.7439243811328546;0.1540913275458693;0.5898330535869853
Prestito bancario;2017;2017-12;1;0.9182958340544896;0.9182958340544896;0.17437145292163492;0.17437145292163492;0.7642045065086203;0.7439243811328546;0.1540913275458693;0.5898330535869853
Prestito bancario;2018;2018-01;1;0.9182958340544896;0.9182958340544896;0.17437145292163492;0.17437145292163492;0.37123232664087563;0.7439243811328546;0.5470635074136139;0.19686087371924071
Prestito bancario;2018;2018-02;1;0.9182958340544896;0.9182958340544896;0.17437145292163492;0.17437145292163492;0.37123232664087563;0.7439243811328546;0.5470635074136139;0.19686087371924071
Prestito bancario;2018;2018-03;1;0.9182958340544896;0.9182958340544896;0.17437145292163492;0.17437145292163492;0.37123232664087563;0.7439243811328546;0.5470635074136139;0.19686087371924071
Prestito bancario;2018;2018-04;1;0.9182958340544896;0.9182958340544896;0.17437145292163492;0.17437145292163492;0.37123232664087563;0.7439243811328546;0.5470635074136139;0.19686087371924071
Prestito bancario;2018;2018-05;1;0.9182958340544896;0.9182958340544896;0.17437145292163492;0.17437145292163492;0.37123232664087563;0.7439243811328546;0.5470635074136139;0.19686087371924071
Prestito bancario;2018;2018-06;1;0.9182958340544896;0.9182958340544896;0.17437145292163492;0.17437145292163492;0.37123232664087563;0.7439243811328546;0.5470635074136139;0.19686087371924071
Prestito bancario;2018;2018-07;1;0.9182958340544896;0.9182958340544896;0.17437145292163492;0.17437145292163492;0.37123232664087563;0.7439243811328546;0.5470635074136139;0.19686087371924071
Prestito bancario;2018;2018-08;1;0.9182958340544896;0.9182958340544896;0.17437145292163492;0.17437145292163492;0.37123232664087563;0.7439243811328546;0.5470635074136139;0.19686087371924071
Prestito bancario;2018;2018-09;1;0.9182958340544896;0.9182958340544896;0.17437145292163492;0.17437145292163492;0.37123232664087563;0.7439243811328546;0.5470635074136139;0.19686087371924071
Prestito bancario;2018;2018-10;1;0.9182958340544896;0.9182958340544896;0.17437145292163492;0.17437145292163492;0.37123232664087563;0.7439243811328546;0.5470635074136139;0.19686087371924071
Prestito bancario;2018;2018-11;1;0.9182958340544896;0.9182958340544896;0.17437145292163492;0.17437145292163492;0.37123232664087563;0.7439243811328546;0.5470635074136139;0.19686087371924071
Prestito bancario;2018;2018-12;1;0.9182958340544896;0.9182958340544896;0.17437145292163492;0.17437145292163492;0.37123232664087563;0.7439243811328546;0.5470635074136139;0.19686087371924071
Prestito bancario;2019;2019-01;1;0.9182958340544896;0.9182958340544896;0.17437145292163492;0.17437145292163492;0.37123232664087563;0.7439243811328546;0.5470635074136139;0.19686087371924071
Prestito bancario;2019;2019-02;1;0.9182958340544896;0.9182958340544896;0.17437145292163492;0.17437145292163492;0.37123232664087563;0.7439243811328546;0.5470635074136139;0.19686087371924071
Prestito bancario;2019;2019-03;1;0.9182958340544896;0.9182958340544896;0.17437145292163492;0.17437145292163492;0.37123232664087563;0.7439243811328546;0.5470635074136139;0.19686087371924071
Prestito bancario;2019;2019-04;1;0.9182958340544896;0.9182958340544896;0.17437145292163492;0.17437145292163492;0.37123232664087563;0.7439243811328546;0.5470635074136139;0.19686087371924071
Prestito bancario;2019;2019-05;1;0.9182958340544896;0.9182958340544896;0.17437145292163492;0.17437145292163492;0.37123232664087563;0.7439243811328546;0.5470635074136139;0.19686087371924071
Prestito bancario;2019;2019-06;1;0.9182958340544896;0.9182958340544896;0.17437145292163492;0.17437145292163492;0.37123232664087563;0.7439243811328546;0.5470635074136139;0.19686087371924071
Prestito bancario;2019;2019-07;1;0.9182958340544896;0.9182958340544896;0.17437145292163492;0.17437145292163492;0.37123232664087563;0.7439243811328546;0.5470635074136139;0.19686087371924071
Prestito bancario;2019;2019-08;1;0.9182958340544896;0.9182958340544896;0.17437145292163492;0.17437145292163492;0.37123232664087563;0.7439243811328546;0.5470635074136139;0.19686087371924071
Prestito bancario;2019;2019-09;1;0.9182958340544896;0.9182958340544896;0.17437145292163492;0.17437145292163492;0.37123232664087563;0.7439243811328546;0.5470635074136139;0.19686087371924071
Prestito bancario;2019;2019-10;1;0.9182958340544896;0.9182958340544896;0.17437145292163492;0.17437145292163492;0.37123232664087563;0.7439243811328546;0.5470635074136139;0.19686087371924071
Prestito bancario;2019;2019-11;1;0.9182958340544896;0.9182958340544896;0.17437145292163492;0.17437145292163492;0.37123232664087563;0.7439243811328546;0.5470635074136139;0.19686087371924071
Prestito bancario;2019;2019-12;1;0.9182958340544896;0.9182958340544896;0.17437145292163492;0.17437145292163492;0.37123232664087563;0.7439243811328546;0.5470635074136139;0.19686087371924071
Prestito bancario;2020;2020-01;1;0.9182958340544896;0.9182958340544896;0.17437145292163492;0.17437145292163492;0.37123232664087563;0.7439243811328546;0.5470635074136139;0.19686087371924071
Prestito bancario;2020;2020-02;1;0.9182958340544896;0.9182958340544896;0.17437145292163492;0.17437145292163492;0.37123232664087563;0.7439243811328546;0.5470635074136139;0.19686087371924071
Prestito bancario;2020;2020-03;1;0.9182958340544896;0.9182958340544896;0.17437145292163492;0.17437145292163492;0.37123232664087563;0.7439243811328546;0.5470635074136139;0.19686087371924071
Prestito bancario;2020;2020-04;1;0.9182958340544896;0.9182958340544896;0.17437145292163492;0.17437145292163492;0.37123232664087563;0.7439243811328546;0.5470635074136139;0.19686087371924071
Prestito bancario;2020;2020-05;1;0.9182958340544896;0.9182958340544896;0.17437145292163492;0.17437145292163492;0.37123232664087563;0.7439243811328546;0.5470635074136139;0.19686087371924071
Prestito bancario;2020;2020-06;1;0.9182958340544896;0.9182958340544896;0.17437145292163492;0.17437145292163492;0.37123232664087563;0.7439243811328546;0.5470635074136139;0.19686087371924071
Prestito bancario;2020;2020-07;1;0.9182958340544896;0.9182958340544896;0.17437145292163492;0.17437145292163492;0.37123232664087563;0.7439243811328546;0.5470635074136139;0.19686087371924071
Prestito bancario;2020;2020-08;1;0.9182958340544896;0.9182958340544896;0.17437145292163492;0.17437145292163492;0.37123232664087563;0.7439243811328546;0.5470635074136139;0.19686087371924071
Prestito bancario;2020;2020-09;1;0.9182958340544896;0.9182958340544896;0.17437145292163492;0.17437145292163492;0.37123232664087563;0.7439243811328546;0.5470635074136139;0.19686087371924071
Prestito bancario;2020;2020-10;1;0.9182958340544896;0.9182958340544896;0.17437145292163492;0.17437145292163492;0.37123232664087563;0.7439243811328546;0.5470635074136139;0.19686087371924071
Prestito bancario;2020;2020-11;1;0.9182958340544896;0.9182958340544896;0.17437145292163492;0.17437145292163492;0.37123232664087563;0.7439243811328546;0.5470635074136139;0.19686087371924071
Prestito bancario;2020;2020-12;1;0.9182958340544896;0.9182958340544896;0.17437145292163492;0.17437145292163492;0.37123232664087563;0.7439243811328546;0.5470635074136139;0.19686087371924071
Prestito bancario;2021;2021-01;1;0.9182958340544896;0.9182958340544896;0.17437145292163492;0.17437145292163492;0.37123232664087563;0.7439243811328546;0.5470635074136139;0.19686087371924071
Prestito bancario;2021;2021-02;1;0.9182958340544896;0.9182958340544896;0.17437145292163492;0.17437145292163492;0.37123232664087563;0.7439243811328546;0.5470635074136139;0.19686087371924071
Prestito bancario;2021;2021-03;1;0.9182958340544896;0.9182958340544896;0.17437145292163492;0.17437145292163492;0.37123232664087563;0.7439243811328546;0.5470635074136139;0.19686087371924071
Prestito bancario;2021;2021-04;1;0.9182958340544896;0.9182958340544896;0.17437145292163492;0.17437145292163492;0.37123232664087563;0.7439243811328546;0.5470635074136139;0.19686087371924071
Prestito bancario;2021;2021-05;1;0.9182958340544896;0.9182958340544896;0.17437145292163492;0.17437145292163492;0.37123232664087563;0.7439243811328546;0.5470635074136139;0.19686087371924071
Prestito bancario;2021;2021-06;1;0.9182958340544896;0.9182958340544896;0.17437145292163492;0.17437145292163492;0.37123232664087563;0.7439243811328546;0.5470635074136139;0.19686087371924071
Prestito bancario;2021;2021-07;1;0.9182958340544896;0.9182958340544896;0.17437145292163492;0.17437145292163492;0.37123232664087563;0.7439243811328546;0.5470635074136139;0.19686087371924071
Prestito bancario;2021;2021-08;1;0.9182958340544896;0.9182958340544896;0.17437145292163492;0.17437145292163492;0.37123232664087563;0.7439243811328546;0.5470635074136139;0.19686087371924071
Prestito bancario;2021;2021-09;1;0.9182958340544896;0.9182958340544896;0.17437145292163492;0.17437145292163492;0.37123232664087563;0.7439243811328546;0.5470635074136139;0.19686087371924071
Prestito bancario;2021;2021-10;1;0.9182958340544896;0.9182958340544896;0.17437145292163492;0.17437145292163492;0.37123232664087563;0.7439243811328546;0.5470635074136139;0.19686087371924071
Prestito bancario;2021;2021-11;1;0.9182958340544896;0.9182958340544896;0.17437145292163492;0.17437145292163492;0.37123232664087563;0.7439243811328546;0.5470635074136139;0.19686087371924071
Prestito bancario;2021;2021-12;1;0.9182958340544896;0.9182958340544896;0.17437145292163492;0.17437145292163492;0.37123232664087563;0.7439243811328546;0.5470635074136139;0.19686087371924071
Prestito bancario;2022;2022-01;1;0.9182958340544896;0.9182958340544896;0.17437145292163492;0.17437145292163492;0.37123232664087563;0.7439243811328546;0.5470635074136139;0.19686087371924071
Prestito bancario;2022;2022-02;1;0.9182958340544896;0.9182958340544896;0.17437145292163492;0.17437145292163492;0.37123232664087563;0.7439243811328546;0.5470635074136139;0.19686087371924071
Prestito bancario;2022;2022-03;1;0.9182958340544896;0.9182958340544896;0.17437145292163492;0.17437145292163492;0.37123232664087563;0.7439243811328546;0.5470635074136139;0.19686087371924071
Prestito bancario;2022;2022-04;1;0.9182958340544896;0.9182958340544896;0.17437145292163492;0.17437145292163492;0.37123232664087563;0.7439243811328546;0.5470635074136139;0.19686087371924071
Prestito bancario;2022;2022-05;1;0.9182958340544896;0.9182958340544896;0.17437145292163492;0.17437145292163492;0.37123232664087563;0.7439243811328546;0.5470635074136139;0.19686087371924071
Prestito bancario;2022;2022-06;1;0.9182958340544896;0.9182958340544896;0.17437145292163492;0.17437145292163492;0.37123232664087563;0.7439243811328546;0.5470635074136139;0.19686087371924071
Prestito bancario;2022;2022-07;1;0.9182958340544896;0.9182958340544896;0.17437145292163492;0.17437145292163492;0.37123232664087563;0.7439243811328546;0.5470635074136139;0.19686087371924071
Prestito bancario;2022;2022-08;1;0.9182958340544896;0.9182958340544896;0.17437145292163492;0.17437145292163492;0.37123232664087563;0.7439243811328546;0.5470635074136139;0.19686087371924071
Prestito bancario;2022;2022-09;1;0.9182958340544896;0.9182958340544896;0.17437145292163492;0.17437145292163492;0.37123232664087563;0.7439243811328546;0.5470635074136139;0.19686087371924071
Prestito bancario;2022;2022-10;1;0.9182958340544896;0.9182958340544896;0.17437145292163492;0.17437145292163492;0.37123232664087563;0.7439243811328546;0.5470635074136139;0.19686087371924071
Prestito bancario;2022;2022-11;1;0.9182958340544896;0.9182958340544896;0.17437145292163492;0.17437145292163492;0.37123232664087563;0.7439243811328546;0.5470635074136139;0.19686087371924071
Prestito bancario;2022;2022-12;1;0.9182958340544896;0.9182958340544896;0.17437145292163492;0.17437145292163492;0.37123232664087563;0.7439243811328546;0.5470635074136139;0.19686087371924071
Prestito bancario;2023;2023-01;1;0.9182958340544896;0.9182958340544896;0.17437145292163492;0.17437145292163492;0.37123232664087563;0.7439243811328546;0.5470635074136139;0.19686087371924071
Prestito bancario;2023;2023-02;1;0.9182958340544896;0.9182958340544896;0.17437145292163492;0.17437145292163492;0.37123232664087563;0.7439243811328546;0.5470635074136139;0.19686087371924071
Prestito bancario;2023;2023-03;1;0.9182958340544896;0.9182958340544896;0.17437145292163492;0.17437145292163492;0.37123232664087563;0.7439243811328546;0.5470635074136139;0.19686087371924071
Prestito bancario;2023;2023-04;1;0.9182958340544896;0.9182958340544896;0.17437145292163492;0.17437145292163492;0.37123232664087563;0.7439243811328546;0.5470635074136139;0.19686087371924071
Prestito bancario;2023;2023-05;1;0.9182958340544896;0.9182958340544896;0.17437145292163492;0.17437145292163492;0.37123232664087563;0.7439243811328546;0.5470635074136139;0.19686087371924071
Prestito bancario;2023;2023-06;1;0.9182958340544896;0.9182958340544896;0.17437145292163492;0.17437145292163492;0.37123232664087563;0.7439243811328546;0.5470635074136139;0.19686087371924071
Prestito bancario;2023;2023-07;1;0.9182958340544896;0.9182958340544896;0.17437145292163492;0.17437145292163492;0.37123232664087563;0.7439243811328546;0.5470635074136139;0.19686087371924071
Prestito bancario;2023;2023-08;1;0.9182958340544896;0.9182958340544896;0.17437145292163492;0.17437145292163492;0.37123232664087563;0.7439243811328546;0.5470635074136139;0.19686087371924071
Prestito bancario;2023;2023-09;1;0.9182958340544896;0.9182958340544896;0.17437145292163492;0.17437145292163492;0.37123232664087563;0.7439243811328546;0.5470635074136139;0.19686087371924071
Prestito bancario;2023;2023-10;1;0.9182958340544896;0.9182958340544896;0.17437145292163492;0.17437145292163492;0.37123232664087563;0.7439243811328546;0.5470635074136139;0.19686087371924071
Prestito bancario;2023;2023-11;1;0.9182958340544896;0.9182958340544896;0.17437145292163492;0.17437145292163492;0.37123232664087563;0.7439243811328546;0.5470635074136139;0.19686087371924071
Prestito bancario;2023;2023-12;1;0.9182958340544896;0.9182958340544896;0.17437145292163492;0.17437145292163492;0.37123232664087563;0.7439243811328546;0.5470635074136139;0.19686087371924071
Prestito bancario;2024;2024-01;2;1.0;1.0;0.17437145292163492;0.17437145292163492;0.39124356362925566;0.8256285470783651;0.6087564363707443;0.21687211070762075
Prestito bancario;2024;2024-02;2;0.8112781244591328;0.8112781244591328;0.17437145292163492;0.17437145292163492;0.39124356362925566;0.6369066715374979;0.42003456082987717;0.21687211070762075
Prestito bancario;2024;2024-03;2;0.8112781244591328;0.8112781244591328;0.17437145292163492;0.17437145292163492;0.39124356362925566;0.6369066715374979;0.42003456082987717;0.21687211070762075
Prestito bancario;2024;2024-04;2;0.8112781244591328;0.8112781244591328;0.17437145292163492;0.17437145292163492;0.39124356362925566;0.6369066715374979;0.42003456082987717;0.21687211070762075
Prestito bancario;2024;2024-05;2;0.8112781244591328;0.8112781244591328;0.17437145292163492;0.17437145292163492;0.39124356362925566;0.6369066715374979;0.42003456082987717;0.21687211070762075
Prestito bancario;2024;2024-06;2;0.8112781244591328;0.8112781244591328;0.17437145292163492;0.17437145292163492;0.39124356362925566;0.6369066715374979;0.42003456082987717;0.21687211070762075
Prestito bancario;2024;2024-07;2;0.8112781244591328;0.8112781244591328;0.17437145292163492;0.17437145292163492;0.39124356362925566;0.6369066715374979;0.42003456082987717;0.21687211070762075
Prestito bancario;2024;2024-08;2;0.8112781244591328;0.8112781244591328;0.17437145292163492;0.17437145292163492;0.39124356362925566;0.6369066715374979;0.42003456082987717;0.21687211070762075
Prestito bancario;2024;2024-09;2;0.8112781244591328;0.8112781244591328;0.17437145292163492;0.17437145292163492;0.39124356362925566;0.6369066715374979;0.42003456082987717;0.21687211070762075
Prestito bancario;2024;2024-10;2;0.8112781244591328;0.8112781244591328;0.17437145292163492;0.17437145292163492;0.39124356362925566;0.6369066715374979;0.42003456082987717;0.21687211070762075
Prestito bancario;2024;2024-11;2;0.8112781244591328;0.8112781244591328;0.17437145292163492;0.17437145292163492;0.39124356362925566;0.6369066715374979;0.42003456082987717;0.21687211070762075
Prestito bancario;2024;2024-12;2;0.8112781244591328;0.8112781244591328;0.17437145292163492;0.17437145292163492;0.39124356362925566;0.6369066715374979;0.42003456082987717;0.21687211070762075
Prestito bancario;2025;2025-01;2;0.8112781244591328;0.8112781244591328;0.17437145292163492;0.17437145292163492;0.41381685030363374;0.6369066715374979;0.3974612741554991;0.23944539738199883
Prestito bancario;2025;2025-02;2;0.8112781244591328;0.8112781244591328;0.17437145292163492;0.17437145292163492;0.41381685030363374;0.6369066715374979;0.3974612741554991;0.23944539738199883
Prestito bancario;2025;2025-03;2;0.8112781244591328;0.8112781244591328;0.17437145292163492;0.17437145292163492;0.41381685030363374;0.6369066715374979;0.3974612741554991;0.23944539738199883
Prestito bancario;2025;2025-04;1;0.9182958340544896;0.9182958340544896;0.17437145292163492;0.17437145292163492;0.41381685030363374;0.7439243811328546;0.5044789837508559;0.23944539738199883
Prestito bancario;2025;2025-05;1;0.9182958340544896;0.9182958340544896;0.17437145292163492;0.17437145292163492;0.41381685030363374;0.7439243811328546;0.5044789837508559;0.23944539738199883
Prestito bancario;2025;2025-06;2;0.8112781244591328;0.8112781244591328;0.17437145292163492;0.17437145292163492;0.41381685030363374;0.6369066715374979;0.3974612741554991;0.23944539738199883
Stipendi;2015;2015-01;1;0.9182958340544896;0.9182958340544896;0.77027926225018;0.77027926225018;0.8997437586982626;0.1480165718043096;0.018552075356226938;0.12946449644808267
Stipendi;2015;2015-02;2;1.0;1.0;0.77027926225018;0.77027926225018;0.8997437586982626;0.22972073774982005;0.10025624130173738;0.12946449644808267
Stipendi;2015;2015-03;2;1.0;1.0;0.77027926225018;0.77027926225018;0.8997437586982626;0.22972073774982005;0.10025624130173738;0.12946449644808267
Stipendi;2015;2015-04;1;0.9182958340544896;0.9182958340544896;0.77027926225018;0.77027926225018;0.8997437586982626;0.1480165718043096;0.018552075356226938;0.12946449644808267
Stipendi;2015;2015-05;1;0.9182958340544896;0.9182958340544896;0.77027926225018;0.77027926225018;0.8997437586982626;0.1480165718043096;0.018552075356226938;0.12946449644808267
Stipendi;2015;2015-06;3;0.9709505944546686;0.9709505944546686;0.77027926225018;0.77027926225018;0.8997437586982626;0.20067133220448863;0.07120683575640596;0.12946449644808267
Stipendi;2015;2015-07;1;0.9182958340544896;0.9182958340544896;0.77027926225018;0.77027926225018;0.8997437586982626;0.1480165718043096;0.018552075356226938;0.12946449644808267
Stipendi;2015;2015-08;1;0.9182958340544896;0.9182958340544896;0.77027926225018;0.77027926225018;0.8997437586982626;0.1480165718043096;0.018552075356226938;0.12946449644808267
Stipendi;2015;2015-09;1;0.9182958340544896;0.9182958340544896;0.77027926225018;0.77027926225018;0.8997437586982626;0.1480165718043096;0.018552075356226938;0.12946449644808267
Stipendi;2015;2015-10;1;0.9182958340544896;0.9182958340544896;0.77027926225018;0.77027926225018;0.8997437586982626;0.1480165718043096;0.018552075356226938;0.12946449644808267
Stipendi;2015;2015-11;1;0.9182958340544896;0.9182958340544896;0.77027926225018;0.77027926225018;0.8997437586982626;0.1480165718043096;0.018552075356226938;0.12946449644808267
Stipendi;2015;2015-12;2;1.0;1.0;0.77027926225018;0.77027926225018;0.8997437586982626;0.22972073774982005;0.10025624130173738;0.12946449644808267
Stipendi;2016;2016-01;1;0.9182958340544896;0.9182958340544896;0.77027926225018;0.77027926225018;0.934068055375491;0.1480165718043096;-0.015772221321001423;0.16378879312531103
Stipendi;2016;2016-02;2;1.0;1.0;0.77027926225018;0.77027926225018;0.934068055375491;0.22972073774982005;0.06593194462450902;0.16378879312531103
Stipendi;2016;2016-03;2;1.0;1.0;0.77027926225018;0.77027926225018;0.934068055375491;0.22972073774982005;0.06593194462450902;0.16378879312531103
Stipendi;2016;2016-04;2;1.0;1.0;0.77027926225018;0.77027926225018;0.934068055375491;0.22972073774982005;0.06593194462450902;0.16378879312531103
Stipendi;2016;2016-05;1;0.9182958340544896;0.9182958340544896;0.77027926225018;0.77027926225018;0.934068055375491;0.1480165718043096;-0.015772221321001423;0.16378879312531103
Stipendi;2016;2016-06;2;1.0;1.0;0.77027926225018;0.77027926225018;0.934068055375491;0.22972073774982005;0.06593194462450902;0.16378879312531103
Stipendi;2016;2016-07;1;0.9182958340544896;0.9182958340544896;0.77027926225018;0.77027926225018;0.934068055375491;0.1480165718043096;-0.015772221321001423;0.16378879312531103
Stipendi;2016;2016-08;2;1.0;1.0;0.77027926225018;0.77027926225018;0.934068055375491;0.22972073774982005;0.06593194462450902;0.16378879312531103
Stipendi;2016;2016-09;1;0.9182958340544896;0.9182958340544896;0.77027926225018;0.77027926225018;0.934068055375491;0.1480165718043096;-0.015772221321001423;0.16378879312531103
Stipendi;2016;2016-10;2;1.0;1.0;0.77027926225018;0.77027926225018;0.934068055375491;0.22972073774982005;0.06593194462450902;0.16378879312531103
Stipendi;2016;2016-11;1;0.9182958340544896;0.9182958340544896;0.77027926225018;0.77027926225018;0.934068055375491;0.1480165718043096;-0.015772221321001423;0.16378879312531103
Stipendi;2016;2016-12;1;0.9182958340544896;0.9182958340544896;0.77027926225018;0.77027926225018;0.934068055375491;0.1480165718043096;-0.015772221321001423;0.16378879312531103
Stipendi;2017;2017-01;1;0.9182958340544896;0.9182958340544896;0.77027926225018;0.77027926225018;0.8524051786494786;0.1480165718043096;0.06589065540501093;0.08212591639929867
Stipendi;2017;2017-02;1;0.9182958340544896;0.9182958340544896;0.77027926225018;0.77027926225018;0.8524051786494786;0.1480165718043096;0.06589065540501093;0.08212591639929867
Stipendi;2017;2017-03;1;0.9182958340544896;0.9182958340544896;0.77027926225018;0.77027926225018;0.8524051786494786;0.1480165718043096;0.06589065540501093;0.08212591639929867
Stipendi;2017;2017-04;2;1.0;1.0;0.77027926225018;0.77027926225018;0.8524051786494786;0.22972073774982005;0.14759482135052138;0.08212591639929867
Stipendi;2017;2017-05;2;1.0;1.0;0.77027926225018;0.77027926225018;0.8524051786494786;0.22972073774982005;0.14759482135052138;0.08212591639929867
Stipendi;2017;2017-06;2;1.0;1.0;0.77027926225018;0.77027926225018;0.8524051786494786;0.22972073774982005;0.14759482135052138;0.08212591639929867
Stipendi;2017;2017-07;1;0.9182958340544896;0.9182958340544896;0.77027926225018;0.77027926225018;0.8524051786494786;0.1480165718043096;0.06589065540501093;0.08212591639929867
Stipendi;2017;2017-08;1;0.9182958340544896;0.9182958340544896;0.77027926225018;0.77027926225018;0.8524051786494786;0.1480165718043096;0.06589065540501093;0.08212591639929867
Stipendi;2017;2017-09;1;0.9182958340544896;0.9182958340544896;0.77027926225018;0.77027926225018;0.8524051786494786;0.1480165718043096;0.06589065540501093;0.08212591639929867
Stipendi;2017;2017-10;1;0.9182958340544896;0.9182958340544896;0.77027926225018;0.77027926225018;0.8524051786494786;0.1480165718043096;0.06589065540501093;0.08212591639929867
Stipendi;2017;2017-11;1;0.9182958340544896;0.9182958340544896;0.77027926225018;0.77027926225018;0.8524051786494786;0.1480165718043096;0.06589065540501093;0.08212591639929867
Stipendi;2017;2017-12;2;1.0;1.0;0.77027926225018;0.77027926225018;0.8524051786494786;0.22972073774982005;0.14759482135052138;0.08212591639929867
Stipendi;2018;2018-01;1;0.9182958340544896;0.9182958340544896;0.77027926225018;0.77027926225018;0.6962122601251458;0.1480165718043096;0.22208357392934375;-0.07406700212503414
Stipendi;2018;2018-02;1;0.9182958340544896;0.9182958340544896;0.77027926225018;0.77027926225018;0.6962122601251458;0.1480165718043096;0.22208357392934375;-0.07406700212503414
Stipendi;2018;2018-03;1;0.9182958340544896;0.9182958340544896;0.77027926225018;0.77027926225018;0.6962122601251458;0.1480165718043096;0.22208357392934375;-0.07406700212503414
Stipendi;2018;2018-04;1;0.9182958340544896;0.9182958340544896;0.77027926225018;0.77027926225018;0.6962122601251458;0.1480165718043096;0.22208357392934375;-0.07406700212503414
Stipendi;2018;2018-05;1;0.9182958340544896;0.9182958340544896;0.77027926225018;0.77027926225018;0.6962122601251458;0.1480165718043096;0.22208357392934375;-0.07406700212503414
Stipendi;2018;2018-06;2;1.0;1.0;0.77027926225018;0.77027926225018;0.6962122601251458;0.22972073774982005;0.3037877398748542;-0.07406700212503414
Stipendi;2018;2018-07;1;0.9182958340544896;0.9182958340544896;0.77027926225018;0.77027926225018;0.6962122601251458;0.1480165718043096;0.22208357392934375;-0.07406700212503414
Stipendi;2018;2018-08;2;1.0;1.0;0.77027926225018;0.77027926225018;0.6962122601251458;0.22972073774982005;0.3037877398748542;-0.07406700212503414
Stipendi;2018;2018-09;1;0.9182958340544896;0.9182958340544896;0.77027926225018;0.77027926225018;0.6962122601251458;0.1480165718043096;0.22208357392934375;-0.07406700212503414
Stipendi;2018;2018-10;1;0.9182958340544896;0.9182958340544896;0.77027926225018;0.77027926225018;0.6962122601251458;0.1480165718043096;0.22208357392934375;-0.07406700212503414
Stipendi;2018;2018-11;1;0.9182958340544896;0.9182958340544896;0.77027926225018;0.77027926225018;0.6962122601251458;0.1480165718043096;0.22208357392934375;-0.07406700212503414
Stipendi;2018;2018-12;1;0.9182958340544896;0.9182958340544896;0.77027926225018;0.77027926225018;0.6962122601251458;0.1480165718043096;0.22208357392934375;-0.07406700212503414
Stipendi;2019;2019-01;1;0.9182958340544896;0.9182958340544896;0.77027926225018;0.77027926225018;0.8960382325345574;0.1480165718043096;0.02225760151993217;0.12575897028437744
Stipendi;2019;2019-02;1;0.9182958340544896;0.9182958340544896;0.77027926225018;0.77027926225018;0.8960382325345574;0.1480165718043096;0.02225760151993217;0.12575897028437744
Stipendi;2019;2019-03;1;0.9182958340544896;0.9182958340544896;0.77027926225018;0.77027926225018;0.8960382325345574;0.1480165718043096;0.02225760151993217;0.12575897028437744
Stipendi;2019;2019-04;2;1.0;1.0;0.77027926225018;0.77027926225018;0.8960382325345574;0.22972073774982005;0.10396176746544261;0.12575897028437744
Stipendi;2019;2019-05;2;1.0;1.0;0.77027926225018;0.77027926225018;0.8960382325345574;0.22972073774982005;0.10396176746544261;0.12575897028437744
Stipendi;2019;2019-06;1;0.9182958340544896;0.9182958340544896;0.77027926225018;0.77027926225018;0.8960382325345574;0.1480165718043096;0.02225760151993217;0.12575897028437744
Stipendi;2019;2019-07;2;1.0;1.0;0.77027926225018;0.77027926225018;0.8960382325345574;0.22972073774982005;0.10396176746544261;0.12575897028437744
Stipendi;2019;2019-08;1;0.9182958340544896;0.9182958340544896;0.77027926225018;0.77027926225018;0.8960382325345574;0.1480165718043096;0.02225760151993217;0.12575897028437744
Stipendi;2019;2019-10;1;0.9182958340544896;0.9182958340544896;0.77027926225018;0.77027926225018;0.8960382325345574;0.1480165718043096;0.02225760151993217;0.12575897028437744
Stipendi;2019;2019-11;1;0.9182958340544896;0.9182958340544896;0.77027926225018;0.77027926225018;0.8960382325345574;0.1480165718043096;0.02225760151993217;0.12575897028437744
Stipendi;2019;2019-12;1;0.9182958340544896;0.9182958340544896;0.77027926225018;0.77027926225018;0.8960382325345574;0.1480165718043096;0.02225760151993217;0.12575897028437744
Stipendi;2020;2020-01;1;0.9182958340544896;0.9182958340544896;0.77027926225018;0.77027926225018;0.7871265862012691;0.1480165718043096;0.13116924785322048;0.01684732395108912
Stipendi;2020;2020-02;2;1.0;1.0;0.77027926225018;0.77027926225018;0.7871265862012691;0.22972073774982005;0.21287341379873093;0.01684732395108912
Stipendi;2020;2020-03;1;0.9182958340544896;0.9182958340544896;0.77027926225018;0.77027926225018;0.7871265862012691;0.1480165718043096;0.13116924785322048;0.01684732395108912
Stipendi;2020;2020-04;2;1.0;1.0;0.77027926225018;0.77027926225018;0.7871265862012691;0.22972073774982005;0.21287341379873093;0.01684732395108912
Stipendi;2020;2020-05;1;0.9182958340544896;0.9182958340544896;0.77027926225018;0.77027926225018;0.7871265862012691;0.1480165718043096;0.13116924785322048;0.01684732395108912
Stipendi;2020;2020-06;1;0.9182958340544896;0.9182958340544896;0.77027926225018;0.77027926225018;0.7871265862012691;0.1480165718043096;0.13116924785322048;0.01684732395108912
Stipendi;2020;2020-07;1;0.9182958340544896;0.9182958340544896;0.77027926225018;0.77027926225018;0.7871265862012691;0.1480165718043096;0.13116924785322048;0.01684732395108912
Stipendi;2020;2020-08;1;0.9182958340544896;0.9182958340544896;0.77027926225018;0.77027926225018;0.7871265862012691;0.1480165718043096;0.13116924785322048;0.01684732395108912
Stipendi;2020;2020-09;1;0.9182958340544896;0.9182958340544896;0.77027926225018;0.77027926225018;0.7871265862012691;0.1480165718043096;0.13116924785322048;0.01684732395108912
Stipendi;2020;2020-10;1;0.9182958340544896;0.9182958340544896;0.77027926225018;0.77027926225018;0.7871265862012691;0.1480165718043096;0.13116924785322048;0.01684732395108912
Stipendi;2020;2020-11;2;1.0;1.0;0.77027926225018;0.77027926225018;0.7871265862012691;0.22972073774982005;0.21287341379873093;0.01684732395108912
Stipendi;2020;2020-12;1;0.9182958340544896;0.9182958340544896;0.77027926225018;0.77027926225018;0.7871265862012691;0.1480165718043096;0.13116924785322048;0.01684732395108912
Stipendi;2021;2021-01;1;0.9182958340544896;0.9182958340544896;0.77027926225018;0.77027926225018;0.6962122601251458;0.1480165718043096;0.22208357392934375;-0.07406700212503414
Stipendi;2021;2021-02;2;1.0;1.0;0.77027926225018;0.77027926225018;0.6962122601251458;0.22972073774982005;0.3037877398748542;-0.07406700212503414
Stipendi;2021;2021-03;1;0.9182958340544896;0.9182958340544896;0.77027926225018;0.77027926225018;0.6962122601251458;0.1480165718043096;0.22208357392934375;-0.07406700212503414
Stipendi;2021;2021-04;1;0.9182958340544896;0.9182958340544896;0.77027926225018;0.77027926225018;0.6962122601251458;0.1480165718043096;0.22208357392934375;-0.07406700212503414
Stipendi;2021;2021-05;1;0.9182958340544896;0.9182958340544896;0.77027926225018;0.77027926225018;0.6962122601251458;0.1480165718043096;0.22208357392934375;-0.07406700212503414
Stipendi;2021;2021-06;2;1.0;1.0;0.77027926225018;0.77027926225018;0.6962122601251458;0.22972073774982005;0.3037877398748542;-0.07406700212503414
Stipendi;2021;2021-07;1;0.9182958340544896;0.9182958340544896;0.77027926225018;0.77027926225018;0.6962122601251458;0.1480165718043096;0.22208357392934375;-0.07406700212503414
Stipendi;2021;2021-08;1;0.9182958340544896;0.9182958340544896;0.77027926225018;0.77027926225018;0.6962122601251458;0.1480165718043096;0.22208357392934375;-0.07406700212503414
Stipendi;2021;2021-09;1;0.9182958340544896;0.9182958340544896;0.77027926225018;0.77027926225018;0.6962122601251458;0.1480165718043096;0.22208357392934375;-0.07406700212503414
Stipendi;2021;2021-10;1;0.9182958340544896;0.9182958340544896;0.77027926225018;0.77027926225018;0.6962122601251458;0.1480165718043096;0.22208357392934375;-0.07406700212503414
Stipendi;2021;2021-11;1;0.9182958340544896;0.9182958340544896;0.77027926225018;0.77027926225018;0.6962122601251458;0.1480165718043096;0.22208357392934375;-0.07406700212503414
Stipendi;2021;2021-12;1;0.9182958340544896;0.9182958340544896;0.77027926225018;0.77027926225018;0.6962122601251458;0.1480165718043096;0.22208357392934375;-0.07406700212503414
Stipendi;2022;2022-01;1;0.9182958340544896;0.9182958340544896;0.77027926225018;0.77027926225018;0.7871265862012691;0.1480165718043096;0.13116924785322048;0.01684732395108912
Stipendi;2022;2022-02;2;1.0;1.0;0.77027926225018;0.77027926225018;0.7871265862012691;0.22972073774982005;0.21287341379873093;0.01684732395108912
Stipendi;2022;2022-03;1;0.9182958340544896;0.9182958340544896;0.77027926225018;0.77027926225018;0.7871265862012691;0.1480165718043096;0.13116924785322048;0.01684732395108912
Stipendi;2022;2022-04;1;0.9182958340544896;0.9182958340544896;0.77027926225018;0.77027926225018;0.7871265862012691;0.1480165718043096;0.13116924785322048;0.01684732395108912
Stipendi;2022;2022-05;1;0.9182958340544896;0.9182958340544896;0.77027926225018;0.77027926225018;0.7871265862012691;0.1480165718043096;0.13116924785322048;0.01684732395108912
Stipendi;2022;2022-06;2;1.0;1.0;0.77027926225018;0.77027926225018;0.7871265862012691;0.22972073774982005;0.21287341379873093;0.01684732395108912
Stipendi;2022;2022-07;2;1.0;1.0;0.77027926225018;0.77027926225018;0.7871265862012691;0.22972073774982005;0.21287341379873093;0.01684732395108912
Stipendi;2022;2022-08;1;0.9182958340544896;0.9182958340544896;0.77027926225018;0.77027926225018;0.7871265862012691;0.1480165718043096;0.13116924785322048;0.01684732395108912
Stipendi;2022;2022-09;1;0.9182958340544896;0.9182958340544896;0.77027926225018;0.77027926225018;0.7871265862012691;0.1480165718043096;0.13116924785322048;0.01684732395108912
Stipendi;2022;2022-10;1;0.9182958340544896;0.9182958340544896;0.77027926225018;0.77027926225018;0.7871265862012691;0.1480165718043096;0.13116924785322048;0.01684732395108912
Stipendi;2022;2022-11;1;0.9182958340544896;0.9182958340544896;0.77027926225018;0.77027926225018;0.7871265862012691;0.1480165718043096;0.13116924785322048;0.01684732395108912
Stipendi;2022;2022-12;1;0.9182958340544896;0.9182958340544896;0.77027926225018;0.77027926225018;0.7871265862012691;0.1480165718043096;0.13116924785322048;0.01684732395108912
Stipendi;2023;2023-01;1;0.9182958340544896;0.9182958340544896;0.77027926225018;0.77027926225018;0.8524051786494786;0.1480165718043096;0.06589065540501093;0.08212591639929867
Stipendi;2023;2023-02;2;1.0;1.0;0.77027926225018;0.77027926225018;0.8524051786494786;0.22972073774982005;0.14759482135052138;0.08212591639929867
Stipendi;2023;2023-03;1;0.9182958340544896;0.9182958340544896;0.77027926225018;0.77027926225018;0.8524051786494786;0.1480165718043096;0.06589065540501093;0.08212591639929867
Stipendi;2023;2023-04;2;1.0;1.0;0.77027926225018;0.77027926225018;0.8524051786494786;0.22972073774982005;0.14759482135052138;0.08212591639929867
Stipendi;2023;2023-05;1;0.9182958340544896;0.9182958340544896;0.77027926225018;0.77027926225018;0.8524051786494786;0.1480165718043096;0.06589065540501093;0.08212591639929867
Stipendi;2023;2023-06;2;1.0;1.0;0.77027926225018;0.77027926225018;0.8524051786494786;0.22972073774982005;0.14759482135052138;0.08212591639929867
Stipendi;2023;2023-07;1;0.9182958340544896;0.9182958340544896;0.77027926225018;0.77027926225018;0.8524051786494786;0.1480165718043096;0.06589065540501093;0.08212591639929867
Stipendi;2023;2023-08;2;1.0;1.0;0.77027926225018;0.77027926225018;0.8524051786494786;0.22972073774982005;0.14759482135052138;0.08212591639929867
Stipendi;2023;2023-09;1;0.9182958340544896;0.9182958340544896;0.77027926225018;0.77027926225018;0.8524051786494786;0.1480165718043096;0.06589065540501093;0.08212591639929867
Stipendi;2023;2023-10;1;0.9182958340544896;0.9182958340544896;0.77027926225018;0.77027926225018;0.8524051786494786;0.1480165718043096;0.06589065540501093;0.08212591639929867
Stipendi;2023;2023-11;1;0.9182958340544896;0.9182958340544896;0.77027926225018;0.77027926225018;0.8524051786494786;0.1480165718043096;0.06589065540501093;0.08212591639929867
Stipendi;2023;2023-12;1;0.9182958340544896;0.9182958340544896;0.77027926225018;0.77027926225018;0.8524051786494786;0.1480165718043096;0.06589065540501093;0.08212591639929867
Stipendi;2024;2024-01;1;0.9182958340544896;0.9182958340544896;0.77027926225018;0.77027926225018;0.5435644431995964;0.1480165718043096;0.37473139085489315;-0.22671481905058355
Stipendi;2024;2024-02;1;0.9182958340544896;0.9182958340544896;0.77027926225018;0.77027926225018;0.5435644431995964;0.1480165718043096;0.37473139085489315;-0.22671481905058355
Stipendi;2024;2024-03;2;1.0;1.0;0.77027926225018;0.77027926225018;0.5435644431995964;0.22972073774982005;0.4564355568004036;-0.22671481905058355
Stipendi;2024;2024-04;1;0.9182958340544896;0.9182958340544896;0.77027926225018;0.77027926225018;0.5435644431995964;0.1480165718043096;0.37473139085489315;-0.22671481905058355
Stipendi;2024;2024-05;1;0.9182958340544896;0.9182958340544896;0.77027926225018;0.77027926225018;0.5435644431995964;0.1480165718043096;0.37473139085489315;-0.22671481905058355
Stipendi;2024;2024-06;2;0.8112781244591328;0.8112781244591328;0.77027926225018;0.77027926225018;0.5435644431995964;0.04099886220895288;0.26771368125953643;-0.22671481905058355
Stipendi;2024;2024-07;1;0.9182958340544896;0.9182958340544896;0.77027926225018;0.77027926225018;0.5435644431995964;0.1480165718043096;0.37473139085489315;-0.22671481905058355
Stipendi;2024;2024-08;1;0.9182958340544896;0.9182958340544896;0.77027926225018;0.77027926225018;0.5435644431995964;0.1480165718043096;0.37473139085489315;-0.22671481905058355
Stipendi;2024;2024-09;1;0.9182958340544896;0.9182958340544896;0.77027926225018;0.77027926225018;0.5435644431995964;0.1480165718043096;0.37473139085489315;-0.22671481905058355
Stipendi;2024;2024-10;1;0.9182958340544896;0.9182958340544896;0.77027926225018;0.77027926225018;0.5435644431995964;0.1480165718043096;0.37473139085489315;-0.22671481905058355
Stipendi;2024;2024-11;1;0.9182958340544896;0.9182958340544896;0.77027926225018;0.77027926225018;0.5435644431995964;0.1480165718043096;0.37473139085489315;-0.22671481905058355
Stipendi;2024;2024-12;1;0.9182958340544896;0.9182958340544896;0.77027926225018;0.77027926225018;0.5435644431995964;0.1480165718043096;0.37473139085489315;-0.22671481905058355
Stipendi;2025;2025-01;1;0.9182958340544896;0.9182958340544896;0.77027926225018;0.77027926225018;0.8453509366224364;0.1480165718043096;0.07294489743205312;0.07507167437225648
Stipendi;2025;2025-02;2;1.0;1.0;0.77027926225018;0.77027926225018;0.8453509366224364;0.22972073774982005;0.15464906337756357;0.07507167437225648
Stipendi;2025;2025-03;2;1.0;1.0;0.77027926225018;0.77027926225018;0.8453509366224364;0.22972073774982005;0.15464906337756357;0.07507167437225648
Stipendi;2025;2025-04;1;0.9182958340544896;0.9182958340544896;0.77027926225018;0.77027926225018;0.8453509366224364;0.1480165718043096;0.07294489743205312;0.07507167437225648
Stipendi;2025;2025-05;1;0.9182958340544896;0.9182958340544896;0.77027926225018;0.77027926225018;0.8453509366224364;0.1480165718043096;0.07294489743205312;0.07507167437225648
Stipendi;2025;2025-06;2;0.8112781244591328;0.8112781244591328;0.77027926225018;0.77027926225018;0.8453509366224364;0.04099886220895288;-0.0340728121633036;0.07507167437225648
